{
    "loss": 0.3207778334617615,
    "accuracy": 0.9568965435028076
}